Architektur,Berlin,Navigation,überspringen,Schnellzugriff,Informationen,für,Studium,Studiengänge,Bewerbung,Bachelorstudium,Masterstudium,Hochschulwechsel,Gast,und,Nebenhörerinnen,Häufig,gestellte,Fragen,Vor,dem Studium,Podcast,Backstage,InfoVeranstaltungen,Schulportal,Vorpraktikum,Brückenkurse,Hilfreiche,Links,Studierendenservice,Zentrale,Studienberatung,Studienverwaltung,Career,Service,Schreiblabor,Internationales,Internationale,Studierende,Austauschstudierende,Studienorganisation,von,Termine,Fristen,Immatrikulation,Rückmeldung,Planen,Belegen,Anerkennung,Anrechnung,Finanzierung,Beratung,CampusCard,Höre,Zukunft,Studium,meistern,Weiterbildung,Fernstudieninstitut,Aktuelles,aus,dem Bereich,Infos,zum,Fernstudium,Kontakt,Kooperationspartner,Jobs,Fernstudiengänge,Industrial,Engineering,Management,Clinical,Trial,Energie,Ressourceneffizienz,Medizinische,Informatik,Renewables,Bachelor,Fernstudiengang,Rechtswissenschaft,Duale,Cardiovascular,Perfusion
Physician,Assistance,Zertifikatskurse,Course,Operations,Research,ArchitekturPlus,Building,Information,Modeling,Data,Science,Energie,Qualitätsmanagement,Recht,Wirtschaft,Brandschutz,Präsenzseminare,Anmeldung,Masterfernstudium,Zertifikatskurs,Präsenzseminaren,Fördermöglichkeiten,Forschung,Forschungsprofil,Forschungs,Transferstrategie,Forschungsschwerpunkte,Forschungsprojekte,Wissenschaftliche,Zusammenarbeit,Forschungsförderung,Antragsberatung,Drittmittel,Förderprogramme,Ausschreibungen,Förderung,Forschungskooperationen,Forschungsdatenportal,Richtlinien,Formulare,Transfer,Startup,Hub,Innovation,Innovative,Hochschule,Wissenschaftlicher,Nachwuchs,Promotionsinteressierte,Promovierende,Das,Projekt,Veranstaltungen,Transfertag,Lunchtalks,Ansprechpersonen,Referat,Technologietransfer,Neuer,Name,Hochschulname,Porträt,Geschichte,Leitbild,Strategie,Internationalisierung,Diversity,Klimaschutz,Zahlen,Fakten,Auszeichnungen,Organisation,Präsidium,Gremien,Interessenvertretungen,Fachbereiche,Verwaltung,Gesetze,Ordnungen,Amtliche,Mitteilungen,Einrichtungen,Bibliothek,Gender,TechnikZentrum,Hochschulrechenzentrum,Hochschulsport,Angelegenheiten,Kompetenzzentrum,Digitale,Lehre
Labore,Campus,Häuser,Standorte,Standortentwicklung,Lernräume,Mensa,Kindertagesstätte,Menschen,Professuren,Technik,Akademische,Mitarbeiterinnen,Gesamtverzeichnis,Karriere,Arbeiten,Berufungsportal,Wir,Aktuelle,Meldungen,Fokus,Veranstaltungskalender,Lange,Nacht,der Wissenschaften,Stellenausschreibungen,Professur,Beschäftigte,Gastdozenturen,Lehrbeauftragte,Studentische,Hilfskräfte,Magazin,Archiv,Home,Abschluss,Regelstudienzeit,Semester,Studienbeginn,Wintersemester,Sommersemester,Zulassungsbeschränkung,Unterrichtssprache,Deutsch,Akkreditiert,Leistungspunkte,Homepage,Warum,studieren,Architekturstudium,bildet,Sie,Generalistin,des Bauens,aus,Vermittelt,wird,der Entwurf,die Gestaltung,Bauwerken,dem städtebaulichen,Kontext,Besondere,Studiengang,ist,künstlerischer,Kreativität,kulturwissenschaftlichen,Kenntnissen,handfestem,Ingenieurswissen,Studienziel,Mittelpunkt,der Lehre,steht,das Erwerben,einer Grundkompetenz,allen,Tätigkeitsbereichen,Praxisbezug,praxisnahen,Modulen,erfolgt,Integration
Wissenschaft,Praxis,Natur,wirtschaftswissenschaftliche,sowie,sozial,kulturwissenschaftliche,architekturtheoretische,Grundlagen,werden,dabei,fachbezogen,gelehrt,wirklichkeitsnahen,Studienprojekten,praxisbezogenes,simuliert,durch,diese,Arbeit,Ihnen,dienprojekten wird,Berufserfahrung,schon,vermittelt,Kontakte,einer Reihe,Hochschulen,europäischen,Raum,Süd,Nordamerika,schlagen,sich,Kooperationen,gemeinsamen,Entwurfsprojekten,Workshops,nieder,sollten,mitbringen,Begeisterung,das Bauen,Gestalterischen,Anspruch,räumliche,Vorstellungskraft,Engagement,Durchhaltevermögen,sagen,unsere,Studierenden,Die,Lehrmethoden,passen,gut,meinem,Lerntyp,wodurch,ich,perfekt,auf,die Arbeit,als,Architektin,vorbereitet,Cassandra,Boerk,Studentin,Da,der Praxisbezug,hier,besonders,hoch,ist,studiere,gern,Viele,Projekte,mit,realitätsnahen,Aufgaben,machen,das Studium,interessant,Peter,Herzog,Student,Folge,Höre,Backstage,teilen,Temuulen
Gion,uns,ihre,der Architektur,Voraussetzungen,Zulassungsbedingungen,Fachhochschulreife,fachgebundene,Hochschulreife,oder,allgemeine,eine Hochschulreife,vom,Gesetzgeber,festgelegte,Studienberechtigung,BerlHG,Eine,praktische,Vorbildung,eine Zeit,mindestens,Wochen,aufgrund,der baupraktischen,Vorkenntnisse,ausdrücklich,empfohlen,aber,keine,Zulassungsvoraussetzung,den Bewerbungsfristen,weiterführende,Bewerbungsprozess,alle,Bachelor,Masterstudiengänge,der Berliner,finden,hier,ein Studium,Studieninhalte,Konzept,des Studiengangs,basiert,der Definition,sechs,Kompetenzbereichen,diengangs Architektur,dem Berufsbild,ergeben,Planung,Entwurf,Konstruktion,Gestaltung,Präsentation,Baugeschichte,Bauerhaltung,Controlling,Durch,Konzeption,sind,diese Konzeption,grundsätzlich,fächerübergreifend,gestaltet,berufsspezifische,Fach,Methoden,ersten,Studienjahr,einfachen,Planungsanforderungen,gesellschaftlichen,Kontext,bis,zur,grundsätzlichen,Realisierung,behandelt,Der,Komplexitätsgrad,der Planungsaufgabe,Disziplinen,hierbei,zunächst,elementare,Zusammenhänge,konzentriert,steigern,Verlaufe,des Studiums,Einfachen,Komplexen
können,zweiten,bereits,erhöhten,dritten,schließlich,überdurchschnittlichen,Bereichen,bearbeitet,werden,Praxisbezug,die wechselseitige,geisteswissenschaftliche,Die,elementaren,Inhalten,der Büropraxis,konfrontiert,wie,Arbeitsweise,damit,vorbereitet,Lehrveranstaltungen,erfolgen,kleinen,Gruppen,nach,seminaristischem,Lehrprinzip,direkt,Lehrende,dierenden werden,der Regel,tätig,sind,betreut,Bereits,den werden,Semestern,stehen,Tutorien,beratend,Verfügung,Praxisnahe,Projektarbeit,fördert,das selbständige,Studiendauer,abschluss,Regelstudienzeit,beträgt,darin,enthalten,dienzeit beträgt,führt,Sciences,in,Berufliche,Perspektiven,wesentlichen,Antworten,der Gestaltung,Umwelt,auch,Architektinnen,den auch,Planerberufen,gegeben,neu,strukturierte,die zukünftigen,abgestimmte,beinhaltet,daher,technischkonstruktive,künstlerischästhetische,wissenschaftliche,kulturelle,wirtschaftliche,Aspekte,Komplexität,der Studieninhalte,zielt,dieninhalte zielt,Generalisten,des Bauens,sowohl,gestalten,konstruieren,also,das Künstlerische,dem Technischen,einen produktiven,logischen,Zusammenhang,bringen,vermittelt,der Praxis,orientiert
die soliden,Grundkenntnisse,befähigen,komplexe,auszuführen,Absolventinnen,anwendungsbezogene,Bürotätigkeiten,allgemeiner,Bauaufgaben,übernehmen,zielgerichtet,umzusetzen,wobei,einschließen,grundständige,Bachelorstudiengang,einem definierten,international,anerkannten,berufsqualifizierenden,Abschluss,Berufsfeld,bereitet,diengang Architektur,weiterführender,Studienprogramme,vor,Zugang,gehobenen,Dienst,möglich,Kooperationen,unterhält,Nordamerika,Dies,schlägt,vielfach,erprobten,vor,allem,gemeinsam,durchgeführten,Partnerhochschulen,befinden,unter,anderem,Mailand,Florenz,Neapel,Amsterdam,Kopenhagen,Alicante,New,York,Iowa,Havanna,Santiago,Chile,Rio,Janeiro,Austausch,diesen,gezielt,gefördert,Studienplan,Modul,Modulname,Gebäudeentwurf,Entwerfen,Konstruieren,Massivbauweise,Darstellende,Geometrie,der Architektur
Architekturlehre,Generale,Skelettbauweise,der Tragkonstruktion,Gebäude,Baugeschichte,Architekturtheorie,Denkmalpflege,Städtebau,Bauaufnahme,Planungs,Bauökonomie,Bestand,Bauphysik,Materiallehre,Baumanagement,Baubetrieb,Wahlpflichtmodul,Bauschäden,Vergabepraxis,Komplexe,Tragsysteme,Konstruktionen,Wahlpflichtmodule,Grundlagenermittlung,Analyse,Dokumentation,a,Neubau,b,Bauen,Planung,Kosten,Wirtschaftlichkeitsberechnungen,Innenraumplanung,Abschlussprüfung,BachelorArbeit,Mündliche,Quelle,Mitteilung,Jahrgang,Nr
Semesterwochenstunden,Seminaristischer,Unterricht,Übung,Pflichtmodul,Wahlpflichtmodul,Credits,Leistungspunkte,die Durchführung,eines,Moduls,zuständiger,Fachbereich,Allgemeine,Prof,Rüdiger,Ebel,Beauftragter,die Anerkennung,Studienleistungen,Bernhard,Sill,Eddy,Widjaja,Studienfachberater,Martin,Behne,BAföGBeauftragter,Moodle,Kurse,anzeigen,Dokumente,Studienordnung,gültig,WiSe,Prüfungsordnung,Modulhandbuch,Studien,Ältere,Änderung,Diplom,Englisch,Berliner,Impressum,Datenschutz,Barrierefreiheit,Interne,Meldestelle,Hochschulstart,OnlineBewerbung,Studieninfotag,Schülerinnen,Schüler,for,Day,Schülerpraktikum,Schnupperstudium,GirlsDay,Schule,Lehrkräfte,Miet,die Profs,Eltern,Newsletter,News,VideoBeratung,Studieren,Familie,ohne,Abitur,Psychologische,Behinderung,Spitzensportbetreuung,Meilensteine,Spitzensportlerinnen,Partner,Tipps,Angebote,Stellenticket,Moodlekurse,Bewerbungsfotos
Unternehmen,Downloads,Berufseinstieg,Messen,Existenzgründung,Auslandsaufenthalte,Tricks,Schreibberatung,BachelorBewerbung,MasterBewerbung,Deutschkenntnisse,Visum,Studienprognose,Stipendien,internationale,Geflüchtete,Courses,Englishtaught,Benotung,Patenprogramm,Living,and,costs,German,Language,Cultural,Training,Praktikum,Erasmus,Akademischer,Kalender,ErstsemesterInformationen,Gebühren,Beiträge,Beurlaubung,Exmatrikulation,Versicherung,Modulhandbücher,belegen,Hilfe,die OnlineBelegung,generale,Lehrende,Studiendokumentation,Teilzeitstudium,Studienfachberatung,Studienverlaufsberatung,Zulassung,Abschlussarbeit,Gastaufenthalt,anderer,Studienleistungen,Außerhochschulische,Kompetenzen,Begabtenförderungswerke,Aufstiegsstipendium,Jubiläum,Jahre,erfolgreich,Interview,Alumni,Dozenten,Wahlpflichtmodul,Datenvorverarbeitung,Data,Preparation,Wrangling,Quantitative,Methoden,Mining,Darstellung,der Analyseergebnisse,Storytelling,Energiemanagement,Technisches,Führung,Produktion,Service,Sonderveranstaltungen,Büroorganisation,Personalwirtschaft,Mandantenbetreuung,Kosten,Gebühren,Prozessrecht,Zwangsvollstreckung,materielles,Repetitorien
Gewerblicher,Rechtsschutz,kompakt,Vorbeugender,Alle,Jahr,Projektstart,Projektleiterin,Forschungsschwerpunkt,Forschen,Verbund,Gute,Praxis,Gastwissenschaftlerinnen,Regionale,Fördermittel,Nationale,Innovationsfonds,Lehrermäßigungen,Forschungskommission,Forschungspartner,Stipendium,Exist,Women,Unsere,Startups,Praktika,Erfindungsberatung,Circular,Unterstützung,Promotionsstipendium,Promotion,Betreuende,berichten,Mitglieder,der der,Vorgängereinrichtungen,Beuth,Umfrage,Symposium,Januar,Historisches,Strategische,Antidiskriminierungskommission,Richtlinie,respektvolles,Miteinander,Sexuelle,Belästigung,Diskriminierung,Gewalt,Handlungsleitfaden,Regeln,ein gutes,Begriffe,Abfall,Beschaffung,Mobilität,Grüner,Wasser,Klimabeirat,Absolventenzahlen,Rechenschaftsberichte,Hochschultag,Lehrpreis,Ehrensenatorinnen,Präsidentin,Erster,Vizepräsident,Vizepräsidentin,Stabsstellen,zentrale,Referate,Kuratorium,Geschäftsordnung,Protokolle,Versammlung,Senat,Tagesordnungen,Beschlüsse,Kommissionen,Studierendenvertretung
Frauen,Gleichstellungsbüro,Interessenvertretung,Gleichstellungskonzept,Gleichstellungsinstrumente,Frau,Beruf,der Hochschule,Antidiskriminierung,Geschlechtergerechte,Sprache,Veröffentlichungen,Frauen,Personalrat,Jugend,Auszubildendenvertretung,Schwerbehindertenvertretung,Zentraler,Wahlvorstand,Personen,Personal,Haushalt,Vergabe,Gebäudemanagement,Bau,Raumplanung,Bauunterhaltung,Facility,Services,Kommunikation,Presseservice,Corporate,Design,Publikationen,Bilder,Videos,Veranstaltungsservice,AlumniProgramm,Personalentwicklung,Fort,Weiterbildungen,Hochschuleinsatzplanung,Stundenpläne,Einzelraumbuchung,Formular,Studiengangsentwicklung,Akkreditierung,Evaluationen,Umfragen,Hochschuldidaktische,Gesundheit,Sicherheit,Coronavirus,Arbeitssicherheit,Umweltschutz,Informationssicherheit,Datenschutzbeauftragter,Betriebliches,Gesundheitsmanagement,Arbeitsmedizinischer,Aushangpflichtige,Öffnungszeiten,Bibliotheksbenutzung,Bibliotheksausweis,Passwort,Ausleihe,Rückgabe,Verlängerung,Vormerkung,Bibliothekskatalog,Bestände,Bibliotheksregeln,Benutzungsordnung,Gebührenordnung,Literatur,Suchen,Kataloge,Suchmaschinen,Online,lokale,Datenbanken,Books,Fachzeitschriften,Tageszeitungen,Fachinformationsdienste,Nationallizenzen
Literaturverwaltung,Lernort,Internetarbeitsplätze,Schulungen,Führungen,Open,Access,Wissenswertes,Autorinnen,Autoren,Publizieren,Recherche,OpenAccessPublikationen,Maßnahmen,DivTrain,Gender,Diskurs,Antidiskriminierung,Postkartenserie,Diskriminierungsarme,OnlineLehre,Abgeschlossene,Cyberangriff,über,Programm,Kategorien,Kurssuche,Sportstätten,Teilnahmebedingungen,Tarife,Teilnahme,Versicherungsschutz,Wettkampf,Studierendenmobilität,ErasmusPartner,Weltweit,Netzwerke,Mitgliedschaften,Personalmobilität,Mitarbeitende,Gäste,externer,Sprachkurse,Auslandskoordinatorinnen,Digitalisierungsstrategie,Kommission,Digitalisierung,Medien,OnlinePrüfungen,Hybride,Virtuelle,Barrierefreie,Lehrmaterialien,Urheberrecht,Auszeichnung,Begleitforschung,Haus,Gauß,Grashof,Bauwesen,Elsa,Neumann,Forum,Seestraße,Kurfürstenstraße,Residenzstraße,Schwedenstraße,Emeriti,memoriam,Bewerbungshinweise,Bewerbungsformular,Aktive,Rekrutierung,Bildergalerie,ProgrammMeldung,PersonalMeldung,Campusbibliothek,GuTZ,Fachhochschule
StudienInfoService,Marketing,Nachwuchsförderung,wissenschaftliche,Technogietransfer,Formularcenter,Anfahrt,Lageplan,Studieninteressierte,Fördernde
